# Order Number,Angle from zeroth order (degrees),Error of degrees
-3,-25.666666,0.03333
-2,-16.7166666,0.03333
-1,-8.2166666,0.03333
1,8.333333,0.03333
2,16.783333,0.03333
